i,A_i,enrichment
800,F,34.99976437669951
918,E,34.93015844294501
273,R,34.863627470119425
1179,I,32.905995526012006
867,D,31.413800849781026
928,N,30.174591595428858
828,L,29.463716537044554
302,T,28.233173081673886
362,V,26.99731833015326
271,Q,25.957422452375212
310,K,24.971478161804463
270,L,24.901033602342082
312,I,24.855188730311003
311,G,23.913412060355565
336,C,22.252653616839616
360,N,20.876468830199485
301,C,20.551641139345158
190,R,20.494335049306315
1227,I,19.85446363418966
303,L,19.55731059169556
907,N,19.494972747409403
771,A,19.13771819585018
768,T,19.13771819585018
353,W,19.127654687355545
368,L,18.833297063887734
373,S,18.272815549117578
322,P,17.561940490733285
851,C,17.304482398412432
929,S,16.71185356484
404,G,16.469770277163708
247,S,16.210634933427084
560,L,16.018030562516042
264,A,15.811449096473574
356,K,15.72618881617188
248,Y,15.277803604355757
308,V,15.232238274227312
265,Y,14.797830157542615
363,A,14.594603194331688
109,T,14.445048276425435
16,V,14.407030577667959
250,T,14.346649526700203
251,P,14.345251817187059
956,A,14.15404515578916
959,L,14.15404515578916
932,G,13.426677125149787
366,S,13.355393939979523
875,S,13.208354899196927
104,W,13.029727623417308
334,N,13.011836941649085
94,S,12.986119086607262
316,S,12.819791654543302
1110,Y,12.780935330077943
965,Q,12.738165418975777
306,F,12.703222681147212
361,C,12.585255998237985
164,N,12.579944702088042
548,G,12.562892646027702
598,I,12.562892646027702
827,T,12.24784892176538
174,P,12.00576563408909
998,T,11.83943820202513
320,V,11.632018110274776
154,E,11.56436896983868
862,P,11.324242475480794
926,Q,11.293492866191656
924,A,11.293213324289027
913,Q,11.233391357126528
233,I,10.921422593793114
149,N,10.637128478819921
579,P,10.632935350280496
588,T,10.632935350280496
558,K,10.614765126609644
93,A,10.58932681347045
112,S,10.577026969754796
319,R,10.4898098961347
299,T,10.28826018433955
325,S,10.12277137798347
188,N,10.103203444799476
173,Q,10.002288817950586
187,K,9.936596470832885
925,N,9.738960345674533
923,I,9.733369507621964
586,D,9.667956702406894
570,A,9.667956702406894
568,D,9.667956702406894
569,I,9.667956702406894
581,T,9.667956702406894
108,T,9.650625104443925
561,P,9.64978647873604
857,G,9.47395462198271
848,D,9.341731302039426
856,N,9.341731302039426
178,D,9.185746920372717
231,I,8.990347130435394
172,S,8.962952023977799
411,A,8.881884872215533
358,I,8.875734950357705
413,G,8.85980106190788
412,P,8.85980106190788
14,Q,8.820106111734631
566,G,8.702978054533288
584,I,8.702978054533288
805,I,8.671948903341523
931,I,8.607654265736967
137,N,8.542521002424525
138,D,8.542521002424525
141,L,8.542521002424525
850,I,8.41812485575484
849,L,8.41812485575484
403,R,8.047172750966812
909,I,7.998252918006823
1187,N,7.998252918006823
136,C,7.948774001241578
263,A,7.92613110712867
257,G,7.867706849479311
1083,H,7.832484569748121
576,V,7.832484569748121
590,C,7.831645944040234
315,T,7.692154534628608
855,F,7.570833348887837
854,K,7.494518409470255
549,T,7.131952561761083
180,E,7.131113936053198
81,N,7.0788396002616665
51,T,7.0788396002616665
1181,K,6.987708940004773
920,Q,6.922575676692332
354,N,6.877289888466514
853,Q,6.871419508511314
567,R,6.819145172719785
921,K,6.72633726104712
1018,I,6.670149338618791
1016,A,6.670149338618791
947,K,6.648065528311139
845,A,6.64778598640851
267,V,6.642195148355938
405,D,6.250556942773402
1063,L,6.201916651716042
1053,P,6.201916651716042
323,T,6.1641784948611935
184,G,6.156630863490223
181,G,6.115817745706463
182,K,6.114979119998577
1176,V,6.095131644911953
439,N,6.03391196823631
1174,A,5.9986896885051175
1175,S,5.9986896885051175
355,R,5.9296428385558775
314,Q,5.870659497101261
559,F,5.858639195288236
1054,Q,5.767228993128715
1039,R,5.7532518979972895
1127,D,5.7532518979972895
1075,F,5.7532518979972895
1019,R,5.752413272289404
410,I,5.750736020873633
834,I,5.73843617715798
835,K,5.737877093352722
338,F,5.634167047477546
359,S,5.632489796061774
313,Y,5.627737583717089
296,L,5.229949456276725
563,Q,5.063622024212764
177,M,5.060826605186478
185,N,5.051042638594482
441,L,5.022529364526374
440,N,5.022529364526374
930,A,5.018336235986947
183,Q,5.014702191252775
189,L,5.002961431342379
565,F,4.996531967581923
562,F,4.996531967581923
453,Y,4.961868771655987
107,G,4.956557475506046
332,I,4.954321140285018
318,F,4.927485117632681
317,N,4.927485117632681
333,T,4.912110312988114
585,L,4.8821993294068635
582,L,4.8821993294068635
596,S,4.8821993294068635
597,V,4.8821993294068635
639,G,4.8821993294068635
641,N,4.8821993294068635
36,V,4.861513228612353
371,S,4.831602245031104
305,S,4.82657049078379
443,S,4.8064434737945385
831,A,4.765909897913406
833,F,4.76311447888712
832,G,4.76311447888712
830,D,4.76311447888712
866,T,4.763114478887119
869,M,4.763114478887119
113,K,4.750814635171466
974,S,4.747739674242553
397,A,4.73320349530587
398,D,4.73292395340324
87,N,4.717828690661301
309,E,4.694347170840507
304,K,4.694347170840507
1062,F,4.6918312937168505
144,Y,4.6373206227042925
139,P,4.354703759146871
106,F,4.354703759146871
64,W,4.354703759146871
68,I,4.28957049583443
589,P,4.216889601151018
161,S,4.200117086993307
346,R,4.193408081330224
32,F,4.187817243277654
840,C,4.1839036566408545
186,F,4.1590244273069175
171,V,4.101159253462817
140,F,4.089698035455048
408,R,4.0511212528923135
83,V,3.9549588383881082
78,R,3.9549588383881082
100,I,3.954958838388108
98,S,3.954958838388108
449,Y,3.9379067823277687
218,Q,3.9379067823277687
1081,I,3.9079957987465193
374,F,3.897932290251893
84,L,3.8878687817572666
357,R,3.8696985580864136
350,V,3.7917063672530604
1190,A,3.772697517874322
934,I,3.772417975971693
266,Y,3.7718588921664367
268,G,3.7623544674770666
17,N,3.7562045456192394
19,T,3.7562045456192394
13,S,3.721541349693305
63,T,3.715391427835478
60,S,3.715391427835478
274,T,3.699737081288282
275,F,3.6994575393856532
1040,V,3.5362050682506054
1073,K,3.2597381265510124
50,S,3.2471587409327296
256,S,3.2166886735462223
370,N,3.1884549413807433
1096,V,3.154630371162694
298,E,3.0995606163448786
957,Q,3.0962061135133365
638,T,2.9637032516674244
697,M,2.9637032516674244
738,C,2.963423709764796
846,A,2.9634237097647955
414,Q,2.9589510393227396
133,F,2.9444148603860576
255,S,2.877045261852587
505,Y,2.8496501553949938
1078,A,2.8393071049977388
1070,A,2.8390275630951107
1071,Q,2.8390275630951107
990,E,2.8390275630951107
426,P,2.8384684792898534
424,K,2.8384684792898534
381,G,2.8342753507504255
324,E,2.831200389821512
384,P,2.8278458869899703
91,Y,2.8261686355741995
23,Q,2.7926236072587787
254,S,2.790107730135122
490,F,2.337808931682199
76,T,2.3006298586326075
444,K,2.1801472985997212
1061,V,2.17847004718395
741,Y,2.120604873339849
695,Y,2.120604873339849
731,M,2.120604873339849
922,L,2.059105654761578
973,I,2.05686931954055
783,A,2.0546329843195217
259,T,2.048203520559066
261,G,2.048203520559066
260,A,2.048203520559066
769,G,2.0303128387908416
803,S,2.0303128387908416
1186,L,1.9990041456964491
1178,N,1.9987246037938204
917,Y,1.9953701009622784
445,V,1.9911769724228507
958,A,1.9883815533965659
74,N,1.9621046145494863
396,Y,1.9567933183995445
1049,L,1.9210119548630955
33,T,1.9193347034473245
75,G,1.9193347034473245
86,F,1.9193347034473245
587,I,1.9151415749078968
143,V,1.9120666139789833
153,M,1.910109820660584
395,V,1.9092711949526984
486,F,1.9084325692448127
409,Q,1.9070348597316702
996,L,1.8975304350423012
859,T,1.8922191388923597
951,V,1.8919395969897308
806,L,1.8897032617687028
807,P,1.8897032617687028
824,N,1.8871873846450464
580,Q,1.8779625018583057
553,T,1.8779625018583057
195,K,1.8729307476109924
57,P,1.8704148704873362
130,V,1.8673399095584224
253,D,1.8581150267716817
114,T,1.8530832725243684
483,V,1.3384466297852886
1052,F,1.2590567294387927
1037,S,1.2590567294387927
208,T,1.2215981144865729
817,F,1.1248766161771095
204,Y,1.1212425714429388
1105,T,1.0865793755170041
1100,T,1.0865793755170041
1103,F,1.0865793755170041
210,I,1.0767954089250065
372,A,1.060581978572553
927,F,1.0572274757410112
914,N,1.0572274757410112
903,A,1.0494003024674128
193,V,1.0292732854781603
330,P,1.00690993326788
645,T,1.0066303913652512
688,A,1.0066303913652512
1177,V,1.000480469507424
526,G,0.9993623018969102
528,K,0.9993623018969102
785,V,0.9993623018969102
169,E,0.9957282571627395
230,P,0.9951691733574827
212,L,0.9951691733574827
380,Y,0.9884601676943985
915,V,0.9828693296418282
115,Q,0.9828693296418282
73,T,0.9809125363234289
53,D,0.9806329944208002
6,V,0.9769989496866298
88,D,0.9747626144656015
99,N,0.9747626144656015
192,F,0.9702899440235456
170,Y,0.9691717764130315
498,Q,0.9691717764130315
564,Q,0.9688922345104028
501,N,0.9646991059709753
293,L,0.9638604802630898
872,Q,0.9613446031394334
400,F,0.9605059774315478
69,H,0.9605059774315478
234,N,0.9605059774315478
235,I,0.9605059774315478
236,T,0.9605059774315478
327,V,0.9605059774315478
401,V,0.9605059774315478
1189,V,0.9557537650868632
77,K,0.9501629270342931
519,H,0.9470879661053796
772,V,0.944572088981723
494,S,0.9437334632738373
660,Y,0.9431743794685805
636,Y,0.9431743794685805
376,T,0.9409380442475522
873,Y,0.9342290385844683
871,A,0.9342290385844683
117,L,0.9333904128765826
493,Q,0.9333904128765826
976,V,0.9317131614608116
1099,G,0.9300359100450406
1182,E,0.9300359100450406
1106,Q,0.9300359100450406
1184,D,0.9300359100450406
1180,Q,0.9300359100450406
1050,M,0.9300359100450406
740,M,0.9297563681424121
1015,A,0.9289177424345265
1098,N,0.9289177424345265
997,I,0.9289177424345265
1017,E,0.9289177424345265
415,T,0.9261223234082416
770,I,0.9244450719924705
799,G,0.9244450719924705
145,Y,0.9238859881872135
228,D,0.9196928596477859
804,Q,0.9191337758425289
858,L,0.9191337758425289
